anger	#hatred	2016-07-21 02:39:23 +0200	755925101103681537		@LisaClaire9090	en	LisaClaire	@rebeccajoc @IngrahamAngle With attitudes like you have, no wonder you need God so much! #hate #xenophobia #hatred #racism #intolerance	-1;-1	n/a
anger	#hatred	2017-03-13 04:57:31 +0100	841136113876062208		@texascmr	en	Cindy	@DonaldJTrumpJr People like @Onlygirlof5inst can't seem to help attacking; even a picture of a child; so filled with #Hatred; nothing else.	-1;-1	n/a	[]
anger		2017-01-10 02:43:05 +0100	818634233648398336		@LetHumanismRing	en	Jerome McCollom	I #Hate having 2 point this out but the #American #People didn't choose Trump, no matter how often the Rightwing reâ€¦ https://t.co/AK2VTFXd6q	-1;-1	n/a	[]
anger	#hate lang:en	2017-04-09 08:01:17 +0200	850951733987741696		@WatchAndrea	en	Andrea Downey	Trump voters are not victims, they're perpetrators! Personal problems are no reason for #hate!	-1;-1	n/a	[]
anger		2016-04-17 05:43:14 +0200	721544522216443904		@thewishwarrior	en	ewan	It's just so good, step back listen... #peace not #hate https://t.co/BkR1UrLLoy	-1;-1	n/a	[]
anger	#hatred	2017-02-24 06:53:12 +0100	835004631017271297		@ChShekher81	en	Chander Shekher	For some people freedom of speech is essential so that they can do this. #Misogyny #Sexism & #Hatred [NEWLINE]#NationFirstâ€¦ https://t.co/tde4UGzwXv	-1;-1	n/a	[]
anger		2016-12-05 16:42:26 +0100	805799498039619588		@xxcaleigh_	en	candy cane cal	i'm so nervous about tonight that i made myself sick. NICE!! #nervoustummy #hate	-1;-1	n/a	[]
anger		2016-02-08 21:01:34 +0100	696785967127130113		@GrammieTimes	en	Grammie Times â?£ï¸?	Holding on to #anger only hurts us. We're so  focused on what caused the anger we can't move forward in our life. https://t.co/AO65FQLYD0	-1;-1	n/a	[http://pbs.twimg.com/media/Cat7JS6WcAEsLxq.jpg]
anger		2016-09-09 21:52:12 +0200	774334612172451840		@TyStevens	en	Ty Stevens	i've got a package shipping from shanghai and the S&H was less than $5. #wut	-1;-1	n/a
anger		2016-10-14 23:50:48 +0200	787048033552826370		@raverunr	en	Runnerboy	Heightened US tensions with #PUTIN #crookedhillary  #rage would not be good with keys to nuclear arsenal voteâ€¦ https://t.co/eE7OGkgGXL	-1;-1	n/a	[]
anger		2016-07-11 23:19:56 +0200	752613416729243651		@ksenwright	en	Katie	I'm in a never ending battle with my wifi connection #rage	-1;-1	n/a
anger		2016-08-21 04:31:47 +0200	767187412502085632		@CTHA_AKIRA	en	CHRISTOPHER AKIRA	https://t.co/gSp0KCV8RL this is so true #love not #hate	-1;-1	n/a	[]
anger	#hate	2017-03-25 05:37:43 +0100	845494885360812033		@HumburgerCake	en	Humburger Cake	Right now I'm kinda sad that you don't know the hate I have been going through #hate	-1;-1	n/a	[]
anger	#hate	2017-02-13 21:15:27 +0100	831235357366693890		@Berni4HisWill	en	Bernice Thomas	Ppl in the DSA #DividedStatesofAmerica need know #hate gives birth to hate, Satan can't cast out Satan, a house divided falls says Jesus.	-1;-1	n/a	[]
anger		2016-07-19 14:07:52 +0200	755373588102938624		@HilaryJHendel	en	Hilary Jacobs Hendel	Jedi masters, use ur #anger wisely & it will serve u greatly. "Befriending Anger" #wisdom [NEWLINE]https://t.co/xTZfcBcRkVâ€¦ https://t.co/x1FESkU5U7	-1;-1	n/a	[http://pbs.twimg.com/media/CnugRSUXEAANVaX.jpg]
anger		2016-07-11 13:04:15 +0200	752458475276492804		@jobsnothate	en	A Demonised Citizen	.#NottmCityCouncil are an illegal, hate based organisation! Therefore. no more #CouncilTax! #Nottingham #law #hate https://t.co/CM862kYm2P	-1;-1	n/a	[http://pbs.twimg.com/media/CnFEqUsWYAABbf4.jpg]
anger		2016-02-03 04:40:11 +0100	694727052721811456		@RobbyKnight	en	Robert A Knight	#bbn I would rather lose to Loserville, Duke, North Carilina, Kansas, and Cumberland. Than the Vols.@KySportsRadio in the same year.#anger	-1;-1	n/a	[]
anger		2016-06-15 23:30:40 +0200	743194035158982656		@janvanderwijk	en	ÊžÉ¾Ä±Ê? É¹Ç?p uÉ?ÊŒ uÉ?É¾	FUCKING KICK ASS TRACK https://t.co/okybsxheru #tiesto #arminvanbuuren #afrojack #trancefamily #trance #nowplaying #rave #rage	-1;-1	n/a	[]
anger		2016-04-06 00:39:36 +0200	717481844896346112		@coreydmilne	en	Corey Milne	Started setting up the new laptop to find out the right speaker isn't working... I forsee an unpleasant phonecall tomorrow morning... #rage	-1;-1	n/a	[]
anger	#hatred	2016-08-03 06:29:31 +0200	760694059086274560		@leighmusic	en	Leigh Maree	So much #hatred directed at political candidates. So much hating going on....[NEWLINE]Not good - North American media.  Keep people angry and afraid	-1;-1	n/a
anger		2016-12-25 00:13:02 +0100	812798267947884544		@JaredFoster16	en	Jared Foster	To all the ungrateful little brats, Merry Christmas! #Hate	-1;-1	n/a	[]
anger		2017-05-04 22:57:09 +0200	860236882076205056		@denis_kelly20	en	ItsBioHzrd	Join us for some major rage! ðŸ˜¡ðŸ˜¤ðŸ‘? @PlayOverwatch #rage #overwatch #SupportSmallStreamers https://t.co/gRBIFkjRcg	-1;-1	n/a	[]
anger	#anger	2016-07-23 16:32:07 +0200	756859442566688771		@AngerCure	en	Anger Cure	When a group is in conflict with a rival group, it will feel more #anger if it's politically stronger group and less anger if it's weaker.	-1;-1	n/a
anger	#hate	2016-06-13 04:30:42 +0200	742182378055950337		@theBigButowski	en	Arron Butowski	I'm so tired of #hate. If you hate something somebody does look within. Find out why it burns inside and quench it with #love. #Orlando
anger		2017-04-11 06:35:22 +0200	851654887301689344		@popenopey	en	MÄƒlina	Ok so he does a kind act of generosity, then he's proud all the time and he thinks he's the only one who puts the effort forth #Wut	-1;-1	n/a	[]
anger	#hate	2017-02-27 12:45:18 +0100	836180403274854400		@HatingGod	en	T. A. Laurie	The great depression never stopped her!  https://t.co/6TE76TUuH8 "Goodbye Mom" blog #death #love #mom #hate	-1;-1	n/a	[]
anger	#hate	2016-07-23 21:45:24 +0200	756938281166581760		@flygurllop	en	P	I #hate letting ppl hold shit and not getting it back	-1;-1	n/a
disgust		2016-01-12 08:02:44 +0100	686805495047270401		@NoelHodda	en	Noel Hodda	@Samantha4777 @JmarrMarr Federal pollies voted themselves a nice pay rise on the quiet a few weeks back. Media all but ignored it. #disgust	-1;-1	n/a	[]
disgust		2017-04-26 12:30:32 +0200	857180082867253248		@SuggsMasterFlex	en	â˜¾	Update: If you ever light a candy cigarette on fire, you might never eat one again and regret ones you ate as a child #MadChemicals #Disgust	-1;-1	n/a	[]
disgust	#hatred	2017-01-25 05:51:54 +0100	824117568851935232		@hawksalvage	en	hawksalvage	@HillaryClinton   Im sure there are lots of proud parents there...  SMH   #VILE #disgusting #gross #cruel #hatredâ€¦ https://t.co/2ioqIFpU94	-1;-1	n/a	[]
disgust		2016-06-23 11:17:39 +0200	745908669297074176		@dustgeorge	en	Dustin Alan George	Shameful, can't even pay our civil servants & this is what our "leaders" are worried about #corruption #disgust https://t.co/URN6IBjib2	-1;-1	n/a	[]
disgust		2016-08-26 05:00:01 +0200	769006458063106049		@RichSwanson	en	Rich Swanson	@BoJackHorseman Does big ideas very well. But it's the #subtle details that kill me. #disguise https://t.co/w7OwNezszw	-1;-1	n/a	[http://pbs.twimg.com/media/CqwPS1TVYAADXdy.jpg]
disgust	#disgust	2016-12-16 12:09:10 +0100	809716995918876672		@lezlie_9198	en	LeZLiE	So sick and tired of the lying media! #boycott #disgust #bias ðŸ‘ŽðŸ?»ðŸ˜· @realDonaldTrump #MAGA ðŸ‡ºðŸ‡¸ https://t.co/Tp4Sk9pDgU	-1;-1	Louisiana, USA; United States	[]
disgust		2016-09-21 23:47:15 +0200	778712218963554304		@Waitingforahero	en	(((Wendy)))	Extremely #deplorable ! #Disgraceful #disgusting & #racist Should be ashamed, but guessing has #ZERO #Shame based oâ€¦ https://t.co/cNMIPP2Djj	-1;-1	Michigan, USA; United States	[]
disgust		2016-09-12 23:49:49 +0200	775451372871294976		@yeshwants1	en	Yeshwant Sanzgiri	#Trump #pence Very very proud Ver very fraud #disgusting #hypocrisy #sad condition of today's #GOP https://t.co/5ujJA9VLYC	-1;-1	n/a	[]
disgust		2016-02-24 09:02:28 +0100	702403205926395904		@otslondon	en	Off The Streets #ots	Words fail me! Why was the dog unit not called in! #disgusted #angry #shameonthem RT https://t.co/3Ij1WXNidl	-1;-1	n/a	[]
disgust	#disgust	2017-04-05 21:49:33 +0200	849710618814943236		@morgansher	en	Morgan Standing4USA	@POTUS 25 children dead from Sarin gas attack and YOU feel bad for Putin? You #disgust me.	-1;-1	n/a	[]
disgust		2016-11-18 22:30:14 +0100	799726434835165188		@RenaeMarie28	en	Brenda Stewart	#disgust sex fucking girls and women https://t.co/lPLGTvYAfw	-1;-1	n/a	[]
disgust	#disguise	2017-02-22 03:37:46 +0100	834230674810867712		@myrac	en	myrac	I'm all for change #LIFE is a #Blessing In #disguise count-your-blessings you never know what's ahead of you!.. #truth	-1;-1	n/a	[]
disgust	#disgust	2016-07-19 13:29:29 +0200	755363929078042624		@gem_morris	en	Gemma Morris	Â£25 paid, from the bottom of my overdraft, to prove I'm not some anarchist internet troll who throws bricks #disgust @Siobhain_MP	-1;-1	n/a
disgust	#mylife	2017-03-17 22:59:50 +0100	842858038608515072		@MeganG_1	en	Megan Groh	Cleaning up cat puke is so...blegh. Yeah, I'm just done right now. #Disgusted #JoysofaCat #MyLife https://t.co/de2Q2GpWOz	-1;-1	n/a	[http://pbs.twimg.com/tweet_video_thumb/C7JuruJW4AEOWZy.jpg]
disgust	#disgust	2017-02-05 08:07:59 +0100	828138084122243072		@pkrtweets	en	PKR	I like @RanveerOfficial a lot bt will boycott his nxt 3 movies with #disgust 4 trying 2 glorifying #Khilji who scum of the earth #Padmavati	-1;-1	n/a	[]
disgust		2017-05-04 22:46:29 +0200	860234197922975745		@paulaLaffin	en	Paula	. @JustinTrudeau is a #lunatic i cant believe i am hearing this #disgust https://t.co/ylFGIvRl9i	-1;-1	n/a	[]
disgust	#disgust	2017-02-06 09:30:54 +0100	828521337903738880		@WhistonChris	en	HARPERHP	His time in US paid for by we taxpayers no doubt. #Disgust[NEWLINE]#auspol https://t.co/NTTsuRh3eC	-1;-1	n/a	[]
disgust		2016-09-06 21:47:35 +0200	773246287617597440		@AeLily	en	AnneMarie Lilkendey	Joe Giudice Begins to Unravel on "Real Housewives" https://t.co/WZoEGoPyRJ #jackass Wow Wht a pig tlkng 2 hs wife like tht #disgusting #sad	-1;-1	n/a	[]
disgust		2016-12-04 16:36:50 +0100	805435701865156611		@piston_brake	en	Piston Brake	I'm just a human, not perfect... like others ![NEWLINE][NEWLINE]#selfish #woman #december #love #friend #fakepeople #disgusting	-1;-1	n/a	[]
disgust	#disguise	2017-02-28 15:54:12 +0100	836590330518585344		@KingJP305	en	J.P	Blinded byÂ #sufferingÂ We fall inÂ #loveÂ with beautified #lies ...Â When in fact, theÂ #truthÂ needs noÂ #disguise[NEWLINE]-JP	-1;-1	n/a	[]
disgust	#disgust	2016-06-05 19:48:39 +0200	739514283340533761		@JayPop18	en	Jackie Young	@whduncan don't worry! He is going to educate others on the dangers of binge drinking!  Maybe he can eat his favorite chips again. #disgust
disgust	#disgust	2016-07-07 04:57:16 +0200	750886370474942464		@hatotrash	en	mou	The audacity some people have astounds me and affirms my disdain for humanity. You'd really ruin my 25th birthday just to be petty? #disgust	-1;-1	n/a
disgust	#disgust	2016-06-17 11:54:44 +0200	743743675000250368		@DrFishmarketing	en	Paul Fisher	@Borednow001 @nicolablackwood not so good representation of the homeless of oxford - go and see the tent village behind Osney #disgust
disgust		2016-11-09 18:01:37 +0100	796397344606584832		@enola4ever	en	Gaylinne	Our worst nightmare unravelling before our very eyes... [NEWLINE]#disgust #repulsed #inspired https://t.co/0jfECexg9S	-1;-1	n/a	[]
disgust		2016-08-13 08:45:38 +0200	764352193461751808		@BaileyBernabe	en	BailsðŸ‘‘	Kauai's youth have so much potential but would rather go out and get messed up #disgusting   https://t.co/JStWXJ4gDj	-1;-1	Wailua, HI; United States	[]
disgust		2016-12-20 20:17:56 +0100	811289549255147520		@Erifwodahs	en	Vovere	@PavojingaWoW Hey... Look what I found :D You can't hide the shadows.. #Shadowpriest #disguise #canthideâ€¦ https://t.co/p7PXeqGZjb	-1;-1	n/a	[]
disgust		2016-01-19 20:41:53 +0100	689533254362361858		@ianhughscott	en	Ian Hugh Scott	@Kathleen_Wynne Take away my liberties so you can keep me safe. #disgust	-1;-1	n/a	[]
disgust	#disgust	2016-12-18 10:41:29 +0100	810419705517252608		@bbmharrison	en	Bonnie Harrison	hoo wow! nothing quite beats a bout of self loathing and #disgust on a peaceful sunday night	-1;-1	n/a	[]
happy		2016-11-23 18:20:44 +0100	801475582487887872		@long_dark_night	en	Isabella	Isak came out and nobody minds!!! I knew it'd be fine, sooo happy. Loved this clip [NEWLINE]#skam #isak #comingout #happyâ€¦ https://t.co/UY6qP2W2kn	-1;-1	n/a	[]
happy		2016-12-04 08:00:05 +0100	805305657796665344		@AyshatGamandi	en	Eeeeiishat Gamandi	No medicine cures what happiness cannot. https://t.co/Wyp0cyplOB https://t.co/KVsmmWzWPd #quotes #happiness	-1;-1	n/a	[http://pbs.twimg.com/media/Bm33A7pCcAAc8Or.jpg]
happy	#sunshine	2017-01-25 18:18:50 +0100	824305539282833408		@AriandtheAlibis	en	Ari and the Alibis	It feels so good to be #home #ilovefl #ilovewarm #sunshine #happyplace #homeiswhereyourheartis	-1;-1	n/a	[]
happy	#joy	2017-01-18 09:14:34 +0100	821631858010165248		@GedQ	en	Ged Cusack	With all the negativity on twitter today , I thought I'd send out some positive vibes. Keep smiling  #positivity #happiness #joy	-1;-1	n/a	[]
happy	#joy	2016-03-26 13:21:54 +0100	713702518136635392		@O_L_Network	en	OrlandoLorenNetwork	You enter into experiences in order to discover more about your true self. All you have to do is follow the feeling of joy. Joy is YOU. #joy
happy		2016-12-03 08:54:45 +0100	804957029571956737		@AvigdorMLA	en	Barrett Avigdor	Mindfulness and allowing yourself not to be perfect #happyworkingparent #happier https://t.co/CZitUuh08c	-1;-1	n/a	[]
happy		2016-06-29 01:00:10 +0200	747927601746960385		@CoolmixOfficial	en	Coolmix	https://t.co/43ytg7gcJG Don't Sweat the Big Stuff! #Relax and things get #better! #blog #coolmix #love #happiness https://t.co/OAIAD7Qcnt	-1;-1	n/a	[http://pbs.twimg.com/media/CmEsL7VUYAAkqxO.jpg]
happy		2016-12-04 11:23:21 +0100	805356811993972736		@chrissycat777	en	Christine Thomson	The amazing tree is complete! Well almost! #christmastree #christmas #joy #love #festiveseason @â€¦ https://t.co/C3SPynovzm	-1;-1	n/a	[]
happy		2016-04-27 18:00:57 +0200	725354055455879172		@valeriegroth	en	Valerie Groth	Don't wait another day to starting living a life that you love... https://t.co/vezC32merZ #inspiration #happiness #success #LifeCoaching	-1;-1	n/a	[]
happy		2017-04-18 10:47:20 +0200	854255012071002113		@KariinGates	en	Karin'ðŸ’«	This could not be more true! #goodmorning #newday #happy #love #coffee https://t.co/erFmTvrmc8	-1;-1	n/a	[http://pbs.twimg.com/media/C9rrt3mXkAAxX2w.jpg]
happy		2017-03-20 17:42:58 +0100	843865457870356480		@SoliaSpaOhio	en	Lisa Stewart	Attention! [NEWLINE]We wish you a #Beautiful International Day of Happiness![NEWLINE]Today you have one more reason to be #happy!... https://t.co/Czyku6PdV3	-1;-1	n/a	[]
happy		2016-09-09 07:20:47 +0200	774115313021431808		@ReverendDrew1	en	Reverend Drew	"Since love grows within you, so beauty grows. For #love is the #beauty of the soul. St Augustine #faith #hope #joy https://t.co/KwKaU2qLhq	-1;-1	n/a	[http://pbs.twimg.com/media/Cr41wx5VIAAy0Bb.jpg]
happy		2016-09-04 00:28:06 +0200	772199519517716480		@beaverweasel5	en	Enraged Baboon	In Under 15 Minutes - Season 1: https://t.co/ZFQecEJKF7 #HillaryLies but I never do!!! It's a fun series of short #movies #funny #happy	-1;-1	n/a
happy		2016-12-11 00:09:11 +0100	807723869687648256		@deisycsanchez1	en	Deisy Sanchezâ?¤	@RicardoChavez Fear chains us down...let go don't be afraid! Be #happy #love #BeFree learn to #LetGo of what was! Blessings and light ðŸ˜‰ðŸ˜?ðŸ™?ðŸ‘¼ðŸŒ»	-1;-1	Miami Lakes, FL; United States	[]
happy	#celebration	2016-12-29 15:15:11 +0100	814474849762430976		@ohmygeniusruss0	en	ohmygeniusrussia	Wish you all a very Happy New Year and a Prosperous life.[NEWLINE]#happynewyear #parents #family #kids #Newyearholidaysâ€¦ https://t.co/PBBNgZKkCM	-1;-1	n/a	[]
happy		2016-10-14 15:58:13 +0200	786929104587198465		@yuivlog	en	Yui	My hair is so messy *im sorry (^â—‡^;)* but hope u have a great weekend ðŸ’– #holiday #happy #FridayFeeling #weekendâ€¦ https://t.co/HP6JQ4MizK	-1;-1	n/a	[]
happy		2016-07-14 17:10:04 +0200	753607500339879936		@ForgettMeNot57	en	Chris(Freaken)Tina	I am so blessed for the people in my life right now! #happy #family #friends #newbeginnings	-1;-1	n/a
happy		2017-04-14 21:55:18 +0200	852973557764284416		@IanYorston	en	Ian Yorston	"When smart people spend more time with their friends, it makes them less happy."[NEWLINE][NEWLINE]#Happiness #Intelligence #Life[NEWLINE][NEWLINE]https://t.co/tigZzmRrBc	-1;-1	n/a	[]
happy		2016-11-05 16:25:05 +0100	794923495889182720		@MurrayVW	en	Murray Volkswagen	#Congratulations to Kirsty Jones who collected her Polo BlueGT from Adam last week! She didn't stop smiling! #happy https://t.co/Us1vOpyJrT	-1;-1	n/a	[http://pbs.twimg.com/media/CwgitEdXcAAyHHH.jpg]
happy		2016-08-25 03:57:04 +0200	768628228734984192		@moz_sce	en	Moz Art	CREATE A #LIFE YOU DON'T NEED A #VACATION FROM [NEWLINE]#lifestyle #balance #joy #entrepreneur #Business #SUCCESS #SmallBiz https://t.co/HS2WgXWLvG	-1;-1	n/a	[http://pbs.twimg.com/media/Cqq3TKuW8AAiKW8.jpg]
happy		2017-03-20 08:51:26 +0100	843731696751132673		@RILebanon	en	Relief International	Happiness is only real when shared.. Take a #Smile Spread the #Joy #InternationalDayOfHappiness https://t.co/QTtKSyeVsV	-1;-1	n/a	[http://pbs.twimg.com/media/C7WJU-cXkAIfsIj.jpg]
happy		2017-03-18 06:46:17 +0100	842975424372248577		@cooraaf62	en	Abdirisak M. Ali	Good and Very Glad to hear.The Hijackers of the Ship In eastern Somalia release the ship save & peacefully with-out paid a ransom! #Glad	-1;-1	n/a	[]
happy	#happiness	2017-01-20 18:23:34 +0100	822494793892843520		@farrarfinearts	en	susan farrar	I love love fridays ..my hubby working on another #Wez Anderson. Very proud but miss him #FridayFeeling #Happiness #weekend #waiting	-1;-1	n/a	[]
happy		2016-10-17 01:00:06 +0200	787790248499707906		@mehdifoundation	en	Mehdi Foundation Int	#QuoteoftheDay 'One who isn't #happy with #oneself isn't happy with anybody.' - His Holiness #YounusAlGohar https://t.co/8t8GaF49wn	-1;-1	n/a	[http://pbs.twimg.com/media/Cu7IsFhXYAAsDLA.jpg]
happy		2016-06-25 00:38:09 +0200	746472509659189249		@paepaelauniu	en	Junior Iaulualo	Thank God time & $ðŸ˜? #happy if my #BBQ looks this way all day they cant copy this 2 late 4th July #1 fireworks in LV https://t.co/dhjkjl9Zq1	36.1091138;-115.1593332	Paradise, NV; United States	[http://pbs.twimg.com/media/ClwAyg1UkAABkug.jpg]
happy		2016-09-04 13:31:55 +0200	772396770022260736		@charliebere	en	Charlie Bere	Barely time for my happy breakfast today , it's been nuts :/) #breakfast #nuts #happy https://t.co/UmjoJtMSci	-1;-1	n/a	[http://pbs.twimg.com/media/CrgaxMfXgAAtwLh.jpg]
happy		2016-12-01 01:01:11 +0100	804113077180440576		@RockitnRebel	en	RockIt n Rebel	Try to see what happiness is not. This clears your understanding of what it is.[NEWLINE][NEWLINE]#best #happiness #rockitnrebelâ€¦ https://t.co/20rKc6GBmh	-1;-1	n/a	[]
happy	#lucky	2017-03-26 20:56:48 +0200	846073468043100160		@Family_Brock	en	Jessica	My @PANDORA_UK I got for mother day off the kids! Each letter of their names so a G,E & P ðŸ’• #lucky #blessedâ€¦ https://t.co/qbnP5VcVOD	-1;-1	n/a	[]
fear		2017-03-20 16:09:18 +0100	843841886066561024		@mindbodythought	en	Don Shetterly	Fear is being propagated.  Read More At:  https://t.co/FLGQNCU4YS  #Fear https://t.co/3WnnijGNaC	-1;-1	n/a	[http://pbs.twimg.com/media/C7XtuNrXwAACPjW.jpg]
fear		2017-04-11 00:00:54 +0200	851555616577519616		@Draft2Digital	en	Draft2Digital	"I am not fearless. I am terrified but I write anyway." - Roxanne Gay #writerslife #fear https://t.co/TWcan0Qwws	-1;-1	n/a	[http://pbs.twimg.com/media/C9FVUcpXYAAzkYm.jpg]
fear		2017-01-20 22:18:47 +0100	822553989090803712		@NUPEsupreme	en	Deuce	This woman clearly explains the 'roots' of a Trump Presidency. No big secret folks! #Fear #BlackLivesMatter #MAGA â˜ž  https://t.co/vwFZ8rbJ9m	-1;-1	n/a	[]
fear		2016-11-23 21:49:14 +0100	801528054933618688		@suze612	en	Sue McGaughey	I conquered a #fear! Never be afraid to step outside your comfort zone! #LakeTahoe #parasailing #nofear https://t.co/QfZabemT2b	-1;-1	n/a	[http://pbs.twimg.com/media/Cx-ZgkBUUAAIVRA.jpg]
fear		2016-12-20 18:40:29 +0100	811265025079996418		@MetalEditor	en	Sam Ibrahim	@annehelen https://t.co/uDBSh3fHPX How do you kill a man without #Fear? #Daredevil #Marvel #Comics #FrankMiller	-1;-1	n/a	[]
fear		2016-04-19 23:34:31 +0200	722538895632637952		@RealOX_LO	en	OXLO ERASTUS MATHEWS	I shall #fear no man but #God, reason I can walk any time of the night without being bothered by you cowardly and powerless, plain humans.	-1;-1	n/a	[]
fear		2017-03-11 22:30:24 +0100	840676304269783040		@marygardner	en	Mary Gardner	#Worry[NEWLINE][NEWLINE]â€œDonâ€™t worry about failures, worry about the chances you miss when you donâ€™t even try.â€?	-1;-1	n/a	[]
fear		2017-01-28 17:05:55 +0100	825374353101582337		@prkurzawa	en	Paul R. Kurzawa	While we're at it, why not make #Muslims sew a crescent & star on their clothes? #Trump #sickened #fear #paranoia	-1;-1	n/a	[]
fear		2016-12-15 09:41:03 +0100	809317334808743936		@NatashaLifecoac	en	Natasha Lifecoach	#No one #shhould be in #fear of our safety Â No one should be wanting people to #die https://t.co/lpAvNWErRx	-1;-1	n/a	[http://pbs.twimg.com/media/CztF03HWIAIKrsd.jpg]
fear		2016-11-12 03:20:31 +0100	797262770060333056		@RoofAtlantaGA	en	Roof Atlanta	Don't be #afraid to give up the good to go for the great. - #JohnD.Rockefeller[NEWLINE][NEWLINE]#quote #inspiration #advice #RT https://t.co/5F1xek1MO8	-1;-1	n/a	[http://pbs.twimg.com/media/CxByQ0KW8AEFar8.jpg]
fear		2017-02-09 22:39:26 +0100	829806939206934528		@SamFPark	en	Sam F Park	#Fear is all @realdonaldtrump has. He is inept & no credibility on any issue. #Terrorism. #Military. #Fascism  https://t.co/ztHiB5MVqN	-1;-1	n/a	[]
fear	#panic	2016-07-20 13:38:18 +0200	755728537273835520		@Storm_Harvester	en	Gym Boy	The moment of #panic you have when you can't feel your phone in your pocket and you think you've lost it...but you're looking at it for #GPS	-1;-1	n/a
fear		2017-02-02 17:45:31 +0100	827196258154639360		@welzenapp	en	Welzen	we think the enemy is #hate but the real enemy is #fear	-1;-1	n/a	[]
fear	#fear	2017-01-04 18:58:10 +0100	816705294340390914		@MGWVdan	en	#PHILOSOSAUR	#NOtE.. I still #Fear Iâ€™m going to lose my #Penis, I just no longer have a voice in my headâ€¦â€¦â€¦â€¦ https://t.co/HNlzxW03Uy	-1;-1	n/a	[]
fear		2017-04-15 03:25:36 +0200	853056679910551552		@xyCharliexy	en	Charlie	@DeleteTruckMafk @TrueIslamUSA I have a favour to ask you all: Allow a child to grow. Do not indoctrinate a child into any religion. #fear	-1;-1	n/a	[]
fear		2016-09-08 20:49:27 +0200	773956433914191872		@MineColleen	en	Colleen Laycock Mine	@WillieGeist @Morning_Joe @realDonaldTrump I have never been so afraid of anything or anyone in my life he is in this for more fame #afraid	-1;-1	n/a
fear		2016-06-20 16:38:54 +0200	744902348737290244		@lynsay_matthews	en	Lynsay Matthews	#WorldRefugeeDay  Individual people, with individual horrors and unique stories. Show #compassion not #fear. https://t.co/GMbtwsEaOP	-1;-1	n/a	[]
fear		2016-01-26 17:47:22 +0100	692026051665403905		@DrLindaTucker	en	Dr Linda Tucker	#MarkSchulman has learned to harness his #fear into being helpful rather than debilitating: https://t.co/VFD06jI8I4 https://t.co/7DaByTUxqt	-1;-1	n/a	[http://pbs.twimg.com/media/CZqSBoxUcAINHJ1.png]
fear		2016-01-27 17:18:29 +0100	692381170328301568		@SunriseGuidedVi	en	SunriseGuidedVisual	Never let fear make a decision for you.[NEWLINE]Calm down.  Pause.  Use real facts.[NEWLINE][NEWLINE]#fear	-1;-1	n/a	[]
fear		2016-02-29 03:15:05 +0100	704127721107034113		@Mark_Minard	en	mark minard	TheÂ braveÂ man is not he who does not feel afraid, but he who conquers thatÂ #fear. -Â #NelsonMandelaÂ #quoteÂ #empowerment	-1;-1	n/a	[]
fear	#fear	2016-04-07 12:02:02 +0200	718015970258853890		@tuumes	en	The Ultimate Quotes	A word does not frighten the man who, in acting, feels no fear. ~Sophocles #fear
fear	#panik	2017-03-02 06:48:36 +0100	837177800096366592		@BSchmitz11	en	B Schmitz	Can't get enough of this. Absolutely filthy. #Panik #Blackhawks https://t.co/HOkKtgDjPr	-1;-1	Elmwood Park, IL; United States	[]
fear		2016-02-20 17:09:40 +0100	701076259909083136		@SONOWWHATWORLD	en	NOW WHAT?	i believe that #fear is taught. You're not born with it.So,how did the word scary become so scary? "#NOW #WHAT?"	-1;-1	n/a	[]
fear	#worry	2017-04-23 14:55:36 +0200	856129427310292992		@TeamJesusMag	en	Team Jesus Magazine	Team! Don't #worry about if someone will appreciate your #gift. God gave you what someone needs ðŸ˜Š.[NEWLINE]#sundaymorningâ€¦ https://t.co/hIaQ1pAlAt	-1;-1	n/a	[]
fear	#fear	2016-06-14 13:40:39 +0200	742683163701317632		@Beallhappy	en	Happy Travel	The fear of death follows from the fear of life. A man who lives fully is prepared to die at any time. ~Mark Twain #fear
fear		2016-12-19 21:29:57 +0100	810945287850262528		@MetalEditor	en	Sam Ibrahim	@GoIntoTheStory https://t.co/uDBSh3fHPX How do you kill a man without #Fear? #Daredevil #Marvel #Comics #FrankMiler	-1;-1	n/a	[]
fear		2016-07-17 17:00:04 +0200	754692150747627520		@KristinMShort	en	Kristin Short	"#Courage is not the absence of #fear, but rather the judgement that something else is more important than fear."... https://t.co/stTMr3Y5Aa	-1;-1	n/a	[]
fear		2016-11-24 20:59:40 +0100	801877967173545986		@Theluvia	en	Priye	Focus on you #winning; not on #failure nor #fear![NEWLINE][NEWLINE]Fear is a prison that must be broken out of! [NEWLINE][NEWLINE]#PrisonBreakâ€¦ https://t.co/Vo0QWdI7hT	-1;-1	Lagos, Nigeria; Nigeria	[]
fear		2016-02-02 06:24:01 +0100	694390795730817024		@Swipe_SXSW_Left	en	Dull - trending!!	Isaac Asimov: "I do not fear computers. I fear the lack of them." #fear	-1;-1	n/a	[]
fear		2017-03-30 12:19:49 +0200	847392914640470017		@GhanaHerbalShow	en	GhanaHerbal SHOW	#FearðŸ˜¡less>#Love ðŸ˜?more..Complain lessðŸ¤”>>#Appreciate moreðŸ¤£..interesting #changes one can do to be more #happy	-1;-1	n/a	[]
fear	#panic	2016-09-20 16:05:07 +0200	778233533198376960		@codecraftscraic	en	Jenny Jensen	TFW you realize you saved over a CSS file you didn't mean to. oh god. #panic	-1;-1	n/a
fear		2016-08-04 20:14:02 +0200	761263943042031617		@YummiDelish	en	Yummi Delish	"Instead of Flashing Cash, Flash Inspiration!"[NEWLINE][NEWLINE]https://t.co/mZp80zE0HN     [NEWLINE][NEWLINE]#Inspiration powered by #gratitude. Fight #fear not people!	-1;-1	n/a	[]
fear		2016-11-03 03:00:15 +0100	793996177553428480		@onebloodbook	en	Author Qwantu Amaru	"I am not fearless. I am terrified but I write anyway." - Roxanne Gay #writerslife #fear https://t.co/0iWiU0bHdW	-1;-1	n/a	[http://pbs.twimg.com/media/CwTXUH8WEAEJ7hS.jpg]
fear		2017-04-27 10:00:06 +0200	857504615058866176		@CalmReminder	en	Calm Reminder	It's 4:00 AM: All is well. You are fine. Don't panic. #anxiety #calm #panic	-1;-1	n/a	[]
fear		2016-02-24 23:55:00 +0100	702627817935249410		@marshawright	en	Real Marsha Wright	"Don't #fear #failure[NEWLINE]Embrace it's lessons at every turn[NEWLINE]Take it out for dinner[NEWLINE]Pull the most from each encounter" https://t.co/pnVXvTpVvy	-1;-1	n/a	[http://pbs.twimg.com/media/CcA8RwRWoAAn3Xs.jpg]
fear		2016-07-08 07:55:04 +0200	751293502777126912		@lokowebdesign	en	Lance Olenik ãƒ„	#fear #faith from "Fear the Real Terrorist" (by Sister Jenna ofâ€¦ https://t.co/RjssFBQXKj	-1;-1	n/a	[]
fear		2017-04-29 06:00:01 +0200	858168970175803392		@BeInTheKnow	en	Know More	#worry not so you can solve your worries, it's better to find solution than to grumble about your #troubles https://t.co/1iGiXsvZqM	-1;-1	n/a	[http://pbs.twimg.com/media/C-jUIT8XYAAUbov.jpg]
sad	#sad	2017-02-07 19:28:54 +0100	829034217078140928		@profsciubba	en	Jennifer Sciubba	Christie Brinkley on the cover of SI doesn't make me feel better about one day being 63, it makes me feel worse about being 36 #aging #sad	-1;-1	n/a	[]
sad		2016-05-04 01:58:12 +0200	727648486452252672		@Tom1Mcauley	en	Tom McAuley	@RikiRachtman @RikisRacPac @HollyS42 No morning drive this morning? Need my weekly words from Riki  #sad	-1;-1	n/a	[]
sad		2017-05-03 23:48:14 +0200	859887347026075649		@AvinoamLerner	en	Avinoam Lerner	Even amidst unimaginable #grief, #hope is not lost... https://t.co/q7esLuDul0	-1;-1	n/a	[http://pbs.twimg.com/media/C-7u-13XkAEOMfr.jpg]
sad	#sad	2017-02-15 02:30:11 +0100	831676952675229696		@mindybubbs	en	Mindy Sanghera	This is how the #Greasy #old #dog must be feeling today.#SAD no #valentines, just OLD #worn #brown #chair to sit onâ€¦ https://t.co/rJQ9v6lc8w	-1;-1	n/a	[]
sad		2016-04-02 04:10:13 +0200	716085297566597120		@mcatlett	en	mcatlett	Falling Apart At Inconvenient Times: Why There Is No Shame In Public Pain ~ https://t.co/Z45jcxQSO7 #grief #authenticity #emotionalhealth	-1;-1	n/a	[]
sad	#sad	2016-03-29 13:52:24 +0200	714782254203953156		@VioletnBrown	en	VioletnBrown	There once was a boy who cried coffee. He always meant to go with her, but never did. #tragic #coffee #sad
sad		2016-12-02 09:10:55 +0100	804598708314611712		@kc_green	en	Casey Green	@realDonaldTrump @Carrier confirms State of Indiana offered $7mil in tax breaks to keep jobs in US, not your non existent tariffs #liar #sad	-1;-1	n/a	[]
sad	grief	2016-04-15 19:00:26 +0200	721020367767089152		@YogaForFamilies	en	Be Your Best Self	death need not part you... #Kindle https://t.co/9o4hJMwdnX #grief https://t.co/MODK80BPqk
sad		2016-08-19 02:13:06 +0200	766427734084087808		@SkoVols	en	Christopher Woods	Nor should it be. Unacceptable #sadness  https://t.co/pqx6nSshQ8	-1;-1	n/a	[]
sad		2017-04-06 21:56:42 +0200	850074806720618497		@thatsneatdude	en	Zac	That was against a lefty.... but schwarber can't hit lefties #sad!	-1;-1	Urbana, IL; United States	[]
sad		2017-01-14 22:16:59 +0100	820379205867290624		@ahmed_phoenix33	en	Ahmed M. Osman	My friend #Mirghani Moutaman Although it was #sorrow news but Iâ€™m so happy to you because you will get out from this #country.[NEWLINE]Good luck Bro	-1;-1	n/a	[]
sad	#sad	2017-01-03 15:32:32 +0100	816291158552956928		@JimPitt2000	en	Jim Pitt	@ChampionsTour My team (Longknockers) won the week of the SAS Championship in Ultimate Clubhouse. I never received a prize for it. #sad	-1;-1	n/a	[]
sad	#bitter	2016-05-23 16:46:32 +0200	734757408841596928		@hey__becky	en	becca	Stupid luke left me and Buttas for stupid Lynchburg. Hope u get a flat tire and diarrhea so u have to come home. Stupid. #bitter
sad		2017-04-27 13:20:06 +0200	857554945415016448		@bicharlie0712	en	Navy Veteran	Here we go. @Delta another company that does not care for its customers. Another airlines that needs to pay for what it does. #sad @Delta	-1;-1	Florida, USA; United States	[]
sad	#sad	2017-02-07 21:15:15 +0100	829060978411057152		@1893Chief	en	Big*Smitty	@SMShow @frangeladuo correct me if I'm wrong @realDonaldTrump isn't this considered "terror" as in terrorist? #sad https://t.co/XLrAIKtPJJ	-1;-1	n/a	[]
sad		2017-03-31 00:54:07 +0200	847582740853555200		@Vautrinjr	en	Joseph Vautrin	@ParkerMolloy I mean he's saying, Women have no value other than as a sexual partner. It's a subjugation and commoditization of women. #Sad	-1;-1	n/a	[]
sad		2017-01-14 03:48:31 +0100	820100253198196737		@k3m15a	en	Keiv M.	There really are people that LOVE the #AffordableCareAct but, HATE  #Obamacare. This ignorance is exploited by the GOP all the time. #Sad	-1;-1	n/a	[]
sad		2016-11-11 22:56:33 +0100	797196341684281344		@YnaroseLara	en	Ynarose Lara	Martina McBride - Concrete Angel It's so sad and heart breaking #sad #retweetifyoucare #stopchildabuse  https://t.co/UBdhFNoHXP	-1;-1	n/a	[]
sad	#sad	2016-08-30 21:37:41 +0200	770707080005218304		@BethanPCOS	en	TTC with PCOS	Can't shake myself out of this slump, I wish I had wings so I could fly away from it all without a care in the world #sad #shakeitoff	-1;-1	n/a
sad	#grief	2017-04-30 17:04:34 +0200	858698599898558466		@ChelseaHanson	en	Chelsea Hanson	There is no pain so great as the memory of joy in present #grief. - Aeschylus	-1;-1	n/a	[]
sad	#unhappy	2016-12-25 12:24:38 +0100	812982381615468544		@hollandnigel	en	Nigel Holland	@EA_DICE @PlayStationEU Just received @Battlefield 4 on PS3 BNIB with China Up rising, didn't say ON the box that DLC has expired #unhappy	-1;-1	n/a	[]
sad		2016-03-07 06:32:57 +0100	706714229152354313		@FUimCranky	en	FU im Cranky	When you want to ask for help, but can't, and you want to tell everyone, but dare not, my body is not happy with the turmoil #sadness	-1;-1	n/a	[]
sad		2016-07-11 09:31:45 +0200	752404998860996608		@speedblaze	en	Shafi Sikander	I finally saw last ep of #moviefights and JTE's opinion on Hook made me #sad. I hope he doesnt like Double Team. @MurrellDan @screenjunkies	-1;-1	n/a
sad		2016-09-12 21:57:01 +0200	775422989068271616		@mylestoned	en	Mylestoned	#NickCaveâ€™s One More Time With Feeling is a heartbreaking portrait of unimaginable #grief https://t.co/8fx1nwUjCF via @FACTmag #death	-1;-1	n/a	[]
sad		2017-04-21 23:37:40 +0200	855536033445949444		@BuggMud	en	BuggMud	@roguerepub @crislopezg @mmfa if thats a true statistic, it explains A LOT #sad #ripUSA	-1;-1	n/a	[]
sad	#sad	2016-12-12 07:52:25 +0100	808202833564614657		@Danyellooo	en	ÕªÉ‘Õ²Ã­Ò½Ó€Ó€Ò½â?¥	@mad_doggg im mad at u cus u didnt say hi to me #sad	-1;-1	n/a	[]
surprise	#surprise	2017-02-18 11:12:51 +0100	832895648592699392		@MDSResource	en	MDS Resource	4.There are few things customers talk about more than pleasant #surprise @HelpScout 10 Things Customers Wish You Knew About Them	-1;-1	n/a	[]
surprise		2016-10-04 11:36:12 +0200	783239286451802112		@inesa_liepa	en	Gwen Scott	#surprised asian man real rough sex teen https://t.co/qW0d9qF6eO	-1;-1	n/a	[]
surprise		2016-09-06 08:01:00 +0200	773038268657045504		@juvi_designs	en	Juvi Jewellery	Only 3 days to go before we announce some very exciting news, so stay tuned and watch this space! ;) #surprise #news https://t.co/lPoyoeEuCI	-1;-1	n/a	[http://pbs.twimg.com/media/CrpiNSPXgAAvRdO.jpg]
surprise		2016-06-27 21:19:44 +0200	747509741090385920		@SYD_books_LDSB	en	Library@SydenhamPS	Some books for Ms.Lamarche's baby @MsLamarche_LDSB @mrpottery_ldsb #surprise #babyshower https://t.co/MlSI9jwJJ3	-1;-1	n/a	[http://pbs.twimg.com/media/Cl-wIpqWQAEZQdn.jpg]
surprise		2016-11-18 22:17:34 +0100	799723245482057728		@EfsaneErtan	en	Deborah Nelson	#surprise fucking download psp sex videos https://t.co/w5w5okdSKL	-1;-1	n/a	[]
surprise		2017-01-09 15:44:12 +0100	818468420144332800		@meswati03	en	It's mÃª SWÃ…Å¢ÃŽðŸ‘¯ðŸ?¦âœ¨	@AM_Shaheena @ArmaanMalik22 really?? When it happened? #Surprise Going to see how armaan has done his magic over the already magical songsðŸ˜˜	-1;-1	n/a	[]
surprise	#surprise	2017-02-14 15:35:29 +0100	831512189513109504		@SandraOmondi	en	Sandra Omondi	Came back from lunch and found this! Cheers to many more omondivictoro ! ðŸ’• #surpriseâ€¦ https://t.co/wEbzyexrWH	-1;-1	n/a	[]
surprise		2016-11-08 06:48:51 +0100	795865646781333504		@LuisSilva0410	en	Angelica Lopez	#surprise fucking gallery porn videos https://t.co/6fDxJxCec6	-1;-1	n/a	[]
surprise	#surprise	2016-07-24 16:40:02 +0200	757223822416314368		@cocky19524	en	Karen Dyer	Wanna have some fun? join me here [NEWLINE]https://t.co/lV9Ku2kQis [NEWLINE]sex #puremature #quiet #surprise #anal https://t.co/fIxfaIcay7	-1;-1	n/a
surprise		2016-11-16 17:30:01 +0100	798926103461040128		@CHARTmetalworks	en	CHART metalworks	Why not #surprise your #bestie, #mom or #love with a #custom piece and an #adventurous trip?!â€¦ https://t.co/IMwcWuEwLc	-1;-1	n/a	[]
surprise		2016-06-11 09:25:40 +0200	741531832202723328		@hotvideo	en	Hot Video	https://t.co/iA13C3Zpj0 4 Surprise Dig It Digging Gold Bars In Water with My Little Pony and Disney Frozen #video #surprise #dig	-1;-1	n/a	[]
surprise	#surprise	2017-03-06 23:02:04 +0100	838872333364375553		@LittleThingsUSA	en	LittleThings	Wow, I canâ€™t think of a better Christmas present! #pets #dogs #surprise https://t.co/z1S7GQdLtG https://t.co/SQDB95mihK	-1;-1	n/a	[http://pbs.twimg.com/media/C6RF8KkXMAALdgX.jpg]
surprise	#surprise lang:en	2017-01-06 04:16:29 +0100	817208187816275968		@DarlaLeighGardn	en	Darla-LeighGardner	@RealJamesWoods No #surprise here at all James.Tucker's in Kelly's out and good riddance to her.	-1;-1	n/a	[]
surprise		2016-04-25 03:13:55 +0200	724406047058731009		@ZoopoozLand	en	zoopooz	Its almost here. Buy your Zoopooz Surprise online at https://t.co/4M6aw7uJ7R #toys #surprise #toy #trends https://t.co/HFopsDYNJZ	-1;-1	n/a	[http://pbs.twimg.com/media/Cg2bdeDUgAEMAFT.jpg]
surprise		2016-08-06 21:18:19 +0200	762004896635686912		@ShoeRepairLady	en	ShoeRepairLady	@damnkageyama @missmiranda No one better mess with this young lady. #surprise	-1;-1	n/a
surprise		2017-01-01 16:26:34 +0100	815579981359157248		@Trends_Zone	en	Trends Zone	The Top 10 Apps of the Year Will Not Surprise You #surprise https://t.co/AN5F3MsPcP https://t.co/MbfwoYSP2z	-1;-1	n/a	[http://pbs.twimg.com/media/C1GFq3MUQAALqTq.jpg]
surprise	#surprise	2016-04-21 02:30:48 +0200	722945645464653825		@janakayyy	en	Jana Kay Niemi	Kid: "Mom! I want this!"[NEWLINE]Mom: "You don't even know what it is!"[NEWLINE]Kid: "Yeah I do! It's a surprise!"[NEWLINE]#shesnotwrong #surprise #Walmart
surprise		2016-05-18 13:24:39 +0200	732894667163979776		@RevdeCubaMK	en	RevoluciÃ³n deCuba MK	Calling all MK bloggers!  Wanna be part of something massive next Tuesday?  PM us for more details. #blogger #miltonkeynes #mk #surprise	-1;-1	n/a	[]
surprise		2017-05-06 00:22:18 +0200	860620698284285952		@laoshu505000	en	laoshu505000	"He knows more than you and he's black!"[NEWLINE]#hilarious #surprise #funny #speak #foreignlanguageâ€¦ https://t.co/WEmbpzUlKu	-1;-1	n/a	[]
surprise		2017-03-20 15:36:45 +0100	843833696079810561		@powersandkramer	en	Powers & Kramer	"Deciding a case because of which party is more likeable is a form of tyranny itself." #schumeriswrong #surprise  https://t.co/V7rO2hKNbe	-1;-1	n/a	[]
surprise	#surprise	2016-06-28 07:01:52 +0200	747656238725464064		@pcridesagain	en	Patrick Cox	I started watching Gilmore Girls and beyond the horrible theme song I really like it. #surprise!
surprise		2017-03-16 19:59:38 +0100	842450301495914496		@CanoTheMonkey	en	Worlds Okayest Dad	Wait false alarm people just don't know how to drive #Surprise	-1;-1	n/a	[]
surprise		2017-01-28 04:54:13 +0100	825190215128141824		@CafeDeLasTres	en	Gloria Smith	#surprise party sex toys tyra banks completely nude https://t.co/lWSDhLdoL2	-1;-1	n/a	[]
surprise	#surprise	2016-04-12 18:19:21 +0200	719922865148203008		@Antoinett_perlz	en	Mrs.GoGetta	OMG I can't wait to get this cake done for my hazel eyes Libra my boo deserve it ðŸ™ŒðŸ™ŒðŸ™ŒðŸ™ŒðŸ™ŒðŸ™ŒðŸ™ŒðŸ™Œ #surprise
surprise	#surprise	2017-04-05 16:36:58 +0200	849631957352947716		@D4_C0D3R	en	da_coder	Well, I sure wasn't expecting Slash today @QuakeChampions #surprise	-1;-1	n/a	[]
surprise	#surprise	2016-08-28 19:48:02 +0200	769954709872390144		@noyy24	en	NR	He brought me flowers and strawberries from Cameron ðŸ?“ðŸŒ¼ totally unexpected. Thank you awakðŸ˜?ðŸ˜˜#surprise https://t.co/0ua9vQF1dd	-1;-1	n/a
surprise		2016-09-26 11:00:17 +0200	780331143237369856		@mazzimonicaXXX	en	Mazzaratie Monica	My #girlfriend @JessicaLust4You knew that I just broke up with my man. Little did I know she had a #surprise for meâ€¦ https://t.co/rPvAPibNrE	-1;-1	n/a	[]
surprise	#surprise	2017-03-05 18:14:39 +0100	838437616596971520		@Kragger82	en	Craig Poulton	Can't wait to see what surprise I get inside my Tinder Egg [NEWLINE]#Tinder #surprise #bored #sunday https://t.co/LgYpKKdwXi	-1;-1	n/a	[]
surprise		2017-04-27 15:55:05 +0200	857593949493624832		@whitherwardband	en	Whitherward	When not one, but TWO of your Denver friends surprise you in Omaha. And they've never met before. [NEWLINE]#surprise #omahaâ€¦ https://t.co/QSgUvANEMg	-1;-1	n/a	[]
surprise		2016-07-07 12:14:58 +0200	750996524398764033		@JhonCooper	en	John Cooper	@deakinjosh nice one. Key but - head of SRC not a usual suspect to deliver such a message #surprise	-1;-1	n/a
surprise		2016-12-20 00:45:21 +0100	810994460737859584		@denise_mizrachi	en	Denise Mizrachi	All This Talk of Voter Fraud? Across U.S., Officials Found Next to None - The New York Times#surprise# https://t.co/JcilQQNGHN	-1;-1	n/a	[]